{
    "providers": [
        {
            "type": "bitmap",
            "file": "minecraft:font/logo.png",
            "ascent": 22,
            "height": 75,
            "chars": [
                "\u02A3"
            ]
        },
{
            "type": "bitmap",
            "file": "minecraft:font/G.png",
            "ascent": 7,
            "height": 7,
            "chars": [
                "\u024A"
            ]
        },


        {
            "type": "bitmap",
            "file": "minecraft:font/L.png",
            "ascent": 7,
            "height": 7,
            "chars": [
                "\u0277"
            ]
        },

        {
            "type": "bitmap",
            "file": "minecraft:font/D.png",
            "ascent": 7,
            "height": 7,
            "chars": [
                "\u046A"
            ]
        }


    ]
}