{
  "model": {
    "type": "minecraft:select",
    "property": "minecraft:custom_model_data",
    "cases": [
      {
        "when": "ender_egg",
        "model": {
          "type": "minecraft:model",
          "model": "item/ender_cat/ender_egg"
        }
      },
      {
        "when": "ovillo_morao",
        "model": {
          "type": "minecraft:model",
          "model": "item/ender_cat/ovillo_morao"
        }
      }
    ],
    "fallback": {
      "type": "minecraft:model",
      "model": "item/cat_spawn_egg"
    }
  }
}